{
  "sessions": [
    "indy_20160915_01",
    "indy_20160916_01",
    "indy_20160921_01",
    "indy_20160927_04",
    "indy_20160927_06",
    "indy_20160930_02",
    "indy_20160930_05",
    "indy_20161005_06",
    "indy_20161006_02",
    "indy_20161013_03",
    "indy_20161017_02"
  ],
  "n_chan": 96,
  "held_in": 3,
  "revisits": 2,
  "seeds": 3,
  "collapse_floor": 0.2,
  "adapt_cap": 1500,
  "metrics": {
    "no-adapt": {
      "cumulative": [
        0.4084463999063397,
        0.35953228227046014,
        0.45736051754221924
      ],
      "worst": [
        -0.03125770351228615,
        -0.12637135507757033,
        0.06385594805299805
      ],
      "collapse": [
        0.10000000000000002,
        0.09999999999999998,
        0.10000000000000006
      ],
      "regret_rate": [
        0.0,
        0.0,
        0.0
      ],
      "regret_mean": [
        0.0,
        0.0,
        0.0
      ],
      "bwt": [
        0.0,
        0.0,
        0.0
      ]
    },
    "mpa": {
      "cumulative": [
        0.5746359209219615,
        0.5641422743371332,
        0.5851295675067898
      ],
      "worst": [
        -0.0932185451189677,
        -0.11098090853415986,
        -0.07545618170377554
      ],
      "collapse": [
        0.10000000000000002,
        0.09999999999999998,
        0.10000000000000006
      ],
      "regret_rate": [
        0.10000000000000002,
        0.09999999999999998,
        0.10000000000000006
      ],
      "regret_mean": [
        0.06196084160668155,
        -0.015956047903590377,
        0.13987773111695348
      ],
      "bwt": [
        0.0,
        0.0,
        0.0
      ]
    },
    "tent": {
      "cumulative": [
        0.40105564231053,
        0.29453059513633995,
        0.50758068948472
      ],
      "worst": [
        -0.028646267019212246,
        -0.08731088997571536,
        0.030018355937290866
      ],
      "collapse": [
        0.16666666666666666,
        -0.12017684864640946,
        0.4535101819797428
      ],
      "regret_rate": [
        0.5,
        0.2515862288280455,
        0.7484137711719545
      ],
      "regret_mean": [
        0.13738238596512625,
        0.049928697997293825,
        0.22483607393295868
      ],
      "bwt": [
        -0.0984132569283247,
        -0.1288921599318979,
        -0.06793435392475151
      ]
    },
    "cotta": {
      "cumulative": [
        0.4856798098791235,
        0.4696771704246601,
        0.501682449333587
      ],
      "worst": [
        -0.0030151145571532347,
        -0.0778277790428773,
        0.07179754992857082
      ],
      "collapse": [
        0.10000000000000002,
        0.09999999999999998,
        0.10000000000000006
      ],
      "regret_rate": [
        0.09999999999999999,
        -0.3302652729696142,
        0.5302652729696142
      ],
      "regret_mean": [
        0.016265739997227985,
        -0.05372009060237272,
        0.08625157059682868
      ],
      "bwt": [
        -0.0027987162272135415,
        -0.019750006986474403,
        0.014152574532047319
      ]
    },
    "rdumb": {
      "cumulative": [
        0.5050769131009778,
        0.48376935691216905,
        0.5263844692897865
      ],
      "worst": [
        -0.05645356513559818,
        -0.1198502373003504,
        0.00694310702915403
      ],
      "collapse": [
        0.10000000000000002,
        0.09999999999999998,
        0.10000000000000006
      ],
      "regret_rate": [
        0.13333333333333333,
        -0.010088424323204753,
        0.2767550909898714
      ],
      "regret_mean": [
        0.03601143528552105,
        -0.012371051045087234,
        0.08439392161612934
      ],
      "bwt": [
        -0.030775162080923717,
        -0.040964577929122586,
        -0.020585746232724852
      ]
    },
    "nomad": {
      "cumulative": [
        -0.4530577396353086,
        -0.5774636660040943,
        -0.32865181326652293
      ],
      "worst": [
        -1.1786359747250874,
        -2.2797950579159427,
        -0.0774768915342321
      ],
      "collapse": [
        1.0,
        1.0,
        1.0
      ],
      "regret_rate": [
        1.0,
        1.0,
        1.0
      ],
      "regret_mean": [
        0.8615041395416484,
        0.7115581017250237,
        1.0114501773582731
      ],
      "bwt": [
        0.037250990668932595,
        -0.17593433986856297,
        0.25043632120642817
      ]
    },
    "free-lora": {
      "cumulative": [
        -0.15534717423142866,
        -0.27723920426950166,
        -0.03345514419335566
      ],
      "worst": [
        -0.6837528944015503,
        -1.5996474756959227,
        0.23214168689282222
      ],
      "collapse": [
        1.0,
        1.0,
        1.0
      ],
      "regret_rate": [
        0.9666666666666667,
        0.8232449090101286,
        1.1100884243232048
      ],
      "regret_mean": [
        0.5865621219652154,
        0.39939484835551975,
        0.773729395574911
      ],
      "bwt": [
        0.03122866120247636,
        -0.11246100500078854,
        0.17491832740574126
      ]
    },
    "cadence": {
      "cumulative": [
        0.5400475239148363,
        0.5199094960162441,
        0.5601855518134286
      ],
      "worst": [
        -0.03125770351228615,
        -0.12637135507757033,
        0.06385594805299805
      ],
      "collapse": [
        0.10000000000000002,
        0.09999999999999998,
        0.10000000000000006
      ],
      "regret_rate": [
        0.0,
        0.0,
        0.0
      ],
      "regret_mean": [
        0.0,
        0.0,
        0.0
      ],
      "bwt": [
        0.0,
        0.0,
        0.0
      ]
    },
    "finetune": {
      "cumulative": [
        0.7414671579996744,
        0.7338861449099585,
        0.7490481710893904
      ],
      "worst": [
        0.6618002454439799,
        0.63037704848998,
        0.6932234423979797
      ],
      "collapse": [
        0.0,
        0.0,
        0.0
      ],
      "regret_rate": [
        0.0,
        0.0,
        0.0
      ],
      "regret_mean": [
        0.0,
        0.0,
        0.0
      ],
      "bwt": [
        0.0,
        0.0,
        0.0
      ]
    },
    "scratch": {
      "cumulative": [
        0.7565435667832693,
        0.7494450750183643,
        0.7636420585481742
      ],
      "worst": [
        0.71792205174764,
        0.7091556213389878,
        0.7266884821562922
      ],
      "collapse": [
        0.0,
        0.0,
        0.0
      ],
      "regret_rate": [
        0.0,
        0.0,
        0.0
      ],
      "regret_mean": [
        0.0,
        0.0,
        0.0
      ],
      "bwt": [
        0.0,
        0.0,
        0.0
      ]
    }
  },
  "trajectories": {
    "no-adapt": [
      [
        0.5043449997901917,
        0.4830397963523865,
        0.5397457480430603,
        0.47354161739349365,
        0.48785316944122314,
        0.5217365622520447,
        -0.016389360651373863,
        0.3268756568431854,
        0.5043449997901917,
        0.4830397963523865
      ],
      [
        0.4695441722869873,
        0.4764801263809204,
        0.46118268370628357,
        0.4173562228679657,
        0.45425811409950256,
        0.4435400366783142,
        -0.0026335797738283873,
        0.34224748611450195,
        0.4695441722869873,
        0.4764801263809204
      ],
      [
        0.4087660312652588,
        0.4549000859260559,
        0.5421305298805237,
        0.46815308928489685,
        0.49566301703453064,
        0.4291158616542816,
        -0.07475017011165619,
        0.3496148884296417,
        0.4087660312652588,
        0.4549000859260559
      ]
    ],