{
  "sessions": [
    "indy_20160915_01",
    "indy_20160916_01",
    "indy_20160921_01",
    "indy_20160927_04",
    "indy_20160927_06",
    "indy_20160930_02",
    "indy_20160930_05",
    "indy_20161005_06",
    "indy_20161006_02",
    "indy_20161013_03",
    "indy_20161017_02"
  ],
  "n_chan": 96,
  "held_in": 3,
  "revisits": 2,
  "seeds": 3,
  "collapse_floor": 0.2,
  "metrics": {
    "no-adapt": {
      "cumulative": [
        0.4084463999063397,
        0.35953228227046014,
        0.45736051754221924
      ],
      "worst": [
        -0.03125770351228615,
        -0.12637135507757033,
        0.06385594805299805
      ],
      "collapse": [
        0.10000000000000002,
        0.09999999999999998,
        0.10000000000000006
      ],
      "bwt": [
        0.0,
        0.0,
        0.0
      ]
    },
    "mpa": {
      "cumulative": [
        0.5630776089926561,
        0.5501508380222878,
        0.5760043799630244
      ],
      "worst": [
        -0.09976418564716975,
        -0.16144660825294224,
        -0.03808176304139727
      ],
      "collapse": [
        0.10000000000000002,
        0.09999999999999998,
        0.10000000000000006
      ],
      "bwt": [
        0.0,
        0.0,
        0.0
      ]
    },
    "tent": {
      "cumulative": [
        0.40105564231053,
        0.29453059513633995,
        0.50758068948472
      ],
      "worst": [
        -0.028646267019212246,
        -0.08731088997571536,
        0.030018355937290866
      ],
      "collapse": [
        0.16666666666666666,
        -0.12017684864640946,
        0.4535101819797428
      ],
      "bwt": [
        -0.0984132569283247,
        -0.1288921599318979,
        -0.06793435392475151
      ]
    },
    "cotta": {
      "cumulative": [
        0.4856798098791235,
        0.4696771704246601,
        0.501682449333587
      ],
      "worst": [
        -0.0030151145571532347,
        -0.0778277790428773,
        0.07179754992857082
      ],
      "collapse": [
        0.10000000000000002,
        0.09999999999999998,
        0.10000000000000006
      ],
      "bwt": [
        -0.0027987162272135415,
        -0.019750006986474403,
        0.014152574532047319
      ]
    },
    "nomad": {
      "cumulative": [
        -0.4530577396353086,
        -0.5774636660040943,
        -0.32865181326652293
      ],
      "worst": [
        -1.1786359747250874,
        -2.2797950579159427,
        -0.0774768915342321
      ],
      "collapse": [
        1.0,
        1.0,
        1.0
      ],
      "bwt": [
        0.037250990668932595,
        -0.17593433986856297,
        0.25043632120642817
      ]
    },
    "rdumb": {
      "cumulative": [
        0.5050769131009778,
        0.48376935691216905,
        0.5263844692897865
      ],
      "worst": [
        -0.05645356513559818,
        -0.1198502373003504,
        0.00694310702915403
      ],
      "collapse": [
        0.10000000000000002,
        0.09999999999999998,
        0.10000000000000006
      ],
      "bwt": [
        -0.030775162080923717,
        -0.040964577929122586,
        -0.020585746232724852
      ]
    },
    "free-lora": {
      "cumulative": [
        -0.17461467991233803,
        -0.4870867172372017,
        0.13785735741252564
      ],
      "worst": [
        -0.8408962190151215,
        -2.2905585366239514,
        0.6087660985937087
      ],
      "collapse": [
        1.0,
        1.0,
        1.0
      ],
      "bwt": [
        0.11626387917446361,
        -0.21016821581037903,
        0.4426959741593063
      ]
    },
    "cadence": {
      "cumulative": [
        0.5029778436214353,
        0.4354097812784888,
        0.5705459059643818
      ],
      "worst": [
        -0.03125770351228615,
        -0.12637135507757033,
        0.06385594805299805
      ],
      "collapse": [
        0.10000000000000002,
        0.09999999999999998,
        0.10000000000000006
      ],
      "bwt": [
        -0.01570538431406021,
        -0.04140463380637559,
        0.009993865178255165
      ]
    },
    "full-retrain": {
      "cumulative": [
        0.12444108407301731,
        0.10076094120331733,
        0.1481212269427173
      ],
      "worst": [
        -0.002335242616633574,
        -0.0045184005112867565,
        -0.00015208472198039108
      ],
      "collapse": [
        0.875,
        0.875,
        0.875
      ],
      "bwt": [
        0.0,
        0.0,
        0.0
      ]
    }
  },
  "verdict": "CADENCE cum +0.095 vs No-Adapt, collapse 0.10 vs No-Adapt 0.10; unstructured (free-LoRA/NoMAD) collapse up to 1.00. PARETO WIN (structured adaptation stays accurate + collapse-safe; matched-param unstructured collapses)"
}