{
  "dataset": "MC_Maze_Small (DANDI 000140)",
  "win_bins": 20,
  "bin_ms": 20,
  "n_units": 142,
  "n_train": 10765,
  "n_val": 3607,
  "epochs": 60,
  "seeds": 3,
  "velocity_r2_mean_ci": {
    "b2ss-none": [
      0.595354696114858,
      0.5161606638180369,
      0.6745487284116791
    ],
    "b2ss-learned": [
      0.5173491140206655,
      0.413958566999598,
      0.6207396610417331
    ],
    "b2ss-cv": [
      0.448908011118571,
      0.3753857867944824,
      0.5224302354426595
    ],
    "gru": [
      0.7579474449157715,
      0.7419926066574807,
      0.7739022831740623
    ],
    "ridge": [
      0.384456604719162,
      0.384456604719162,
      0.384456604719162
    ]
  },
  "gate_minus_learned": -0.06844110290209454,
  "b2ss_vs_gru": -0.16259274880091346
}