{
  "dataset": "Zhou2016",
  "n_chan": 14,
  "win": 250,
  "subjects": 4,
  "seeds": 2,
  "fewshot_ns": [
    10,
    40
  ],
  "accuracy": {
    "no-norm": [
      0.5437500000000001,
      0.5009903886920758,
      0.5865096113079243
    ],
    "unsup": [
      0.5327314814814815,
      0.48624311718705143,
      0.5792198457759116
    ],
    "few-10": [
      0.5118055555555555,
      0.467772074129918,
      0.5558390369811931
    ],
    "few-40": [
      0.5403703703703704,
      0.49121777244277576,
      0.589522968297965
    ],
    "full-retrain": [
      0.5062037037037037,
      0.4801178682795306,
      0.5322895391278768
    ]
  },
  "best_delta_fit_gain": -0.003379629629629677
}