{
  "cohort": [
    1,
    2,
    3
  ],
  "folds": 2,
  "epochs": 40,
  "seeds": 2,
  "mu_peaks": {
    "1": 8.602173552526924,
    "2": 7.891237912989906,
    "3": 10.09992304674565
  },
  "subject_acc_seedavg": {
    "b2ss-cv": [
      0.43280632411067194,
      0.5449604743083003,
      0.4990118577075099
    ],
    "b2ss-learned": [
      0.4787549407114624,
      0.5790513833992095,
      0.5118577075098814
    ],
    "b2ss-none": [
      0.5326086956521738,
      0.5548418972332015,
      0.5217391304347826
    ],
    "eegnet": [
      0.46788537549407117,
      0.5019762845849802,
      0.44515810276679846
    ],
    "csp+lda": [
      0.5657114624505929,
      0.5212450592885376,
      0.5671936758893281
    ]
  },
  "mean_ci": {
    "b2ss-cv": [
      0.49225955204216076,
      0.15535260827312786,
      0.8291664958111937
    ],
    "b2ss-learned": [
      0.5232213438735178,
      0.3830178331124921,
      0.6634248546345436
    ],
    "b2ss-none": [
      0.5363965744400527,
      0.29993393688787484,
      0.7728592119922306
    ],
    "eegnet": [
      0.47167325428194995,
      0.24148838586832477,
      0.7018581226955751
    ],
    "csp+lda": [
      0.5513833992094861,
      0.30864299251875416,
      0.794123805900218
    ]
  },
  "paired_vs_b2ss_cv": {
    "b2ss-learned": {
      "mean_acc_diff": -0.030961791831357038,
      "wilcoxon_p": 0.25
    },
    "b2ss-none": {
      "mean_acc_diff": -0.04413702239789195,
      "wilcoxon_p": 0.25
    },
    "eegnet": {
      "mean_acc_diff": 0.02058629776021076,
      "wilcoxon_p": 0.5
    },
    "csp+lda": {
      "mean_acc_diff": -0.059123847167325494,
      "wilcoxon_p": 0.5
    }
  },
  "b2ss_params": 110340
}