{
  "cohort": [
    1,
    2,
    3,
    4,
    5,
    6,
    7,
    8
  ],
  "folds": 3,
  "epochs": 100,
  "seeds": 3,
  "mu_peaks": {
    "1": 8.602173552526924,
    "2": 7.891237912989906,
    "3": 10.09992304674565,
    "4": 7.619932661020034,
    "5": 7.3331978947538214,
    "6": 7.04708613461254,
    "7": 10.567028625933645,
    "8": 7.569001805310499
  },
  "subject_acc_seedavg": {
    "b2ss-cv": [
      0.4814814814814814,
      0.5777777777777778,
      0.525925925925926,
      0.45925925925925926,
      0.3333333333333333,
      0.5259259259259259,
      0.3925925925925926,
      0.4888888888888889
    ],
    "b2ss-learned": [
      0.4814814814814814,
      0.5777777777777777,
      0.525925925925926,
      0.5185185185185185,
      0.3925925925925926,
      0.4888888888888889,
      0.45925925925925926,
      0.4222222222222223
    ],
    "b2ss-none": [
      0.5851851851851851,
      0.5333333333333333,
      0.5703703703703703,
      0.5407407407407407,
      0.3703703703703704,
      0.562962962962963,
      0.5407407407407407,
      0.4740740740740741
    ],
    "eegnet": [
      0.5111111111111112,
      0.5777777777777776,
      0.42962962962962964,
      0.4740740740740741,
      0.5111111111111112,
      0.47407407407407404,
      0.8666666666666667,
      0.5259259259259258
    ],
    "csp+lda": [
      0.6148148148148148,
      0.562962962962963,
      0.5111111111111111,
      0.4962962962962963,
      0.5703703703703703,
      0.45925925925925926,
      0.9481481481481482,
      0.6074074074074075
    ]
  },
  "mean_ci": {
    "b2ss-cv": [
      0.47314814814814815,
      0.43391091212473415,
      0.5123853841715621
    ],
    "b2ss-learned": [
      0.48333333333333334,
      0.45325526320215587,
      0.5134114034645109
    ],
    "b2ss-none": [
      0.5222222222222223,
      0.46246315653199793,
      0.5819812879124465
    ],
    "eegnet": [
      0.5462962962962963,
      0.42050224071563214,
      0.6720903518769604
    ],
    "csp+lda": [
      0.5962962962962963,
      0.5036322687726505,
      0.6889603238199421
    ]
  },
  "paired_vs_b2ss_cv": {
    "b2ss-learned": {
      "mean_acc_diff": -0.010185185185185179,
      "wilcoxon_p": 0.6875
    },
    "b2ss-none": {
      "mean_acc_diff": -0.04907407407407407,
      "wilcoxon_p": 0.1015625
    },
    "eegnet": {
      "mean_acc_diff": -0.07314814814814813,
      "wilcoxon_p": 0.4609375
    },
    "csp+lda": {
      "mean_acc_diff": -0.12314814814814815,
      "wilcoxon_p": 0.1484375
    }
  },
  "b2ss_params": 110340
}