{
  "MASK_GAMMA": {
    "0.25": {
      "gap": 0.11482808987299602,
      "ci": [
        -0.009208738525017982,
        0.23886491827101003
      ],
      "cv_mse": 1.0033548672993977,
      "learned_mse": 1.1181829571723938
    },
    "0.5": {
      "gap": 0.2579156657059987,
      "ci": [
        -0.026074973115822075,
        0.5419063045278195
      ],
      "cv_mse": 0.8343917032082876,
      "learned_mse": 1.0923073689142864
    },
    "1.0": {
      "gap": 0.25286126136779785,
      "ci": [
        0.09714348127223615,
        0.40857904146335955
      ],
      "cv_mse": 0.754603107770284,
      "learned_mse": 1.0074643691380818
    }
  },
  "SPAN_FRAC_MAX": {
    "0.4": {
      "gap": 0.2664071023464203,
      "ci": [
        -0.0076185775998011684,
        0.5404327822926418
      ],
      "cv_mse": 0.48141443729400635,
      "learned_mse": 0.7478215396404266
    },
    "0.6": {
      "gap": 0.2579156657059987,
      "ci": [
        -0.026074973115822075,
        0.5419063045278195
      ],
      "cv_mse": 0.8343917032082876,
      "learned_mse": 1.0923073689142864
    },
    "0.8": {
      "gap": 0.09504423538843791,
      "ci": [
        -0.1913094089157526,
        0.38139787969262845
      ],
      "cv_mse": 1.2712098558743794,
      "learned_mse": 1.3662540912628174
    }
  },
  "ode_steps": {
    "10": {
      "gap": 0.2579126258691152,
      "ci": [
        -0.02607556354309598,
        0.5419008152813263
      ],
      "cv_mse": 0.8343919813632965,
      "learned_mse": 1.0923046072324116
    },
    "20": {
      "gap": 0.2579156657059987,
      "ci": [
        -0.026074973115822075,
        0.5419063045278195
      ],
      "cv_mse": 0.8343917032082876,
      "learned_mse": 1.0923073689142864
    },
    "40": {
      "gap": 0.25791502992312115,
      "ci": [
        -0.026069730703052463,
        0.5418997905492948
      ],
      "cv_mse": 0.8343927760918936,
      "learned_mse": 1.0923078060150146
    }
  },
  "patch": {
    "1": {
      "gap": 0.2579156657059987,
      "ci": [
        -0.026074973115822075,
        0.5419063045278195
      ],
      "cv_mse": 0.8343917032082876,
      "learned_mse": 1.0923073689142864
    },
    "2": {
      "gap": 0.18520426750183105,
      "ci": [
        -0.12272413648010932,
        0.49313267148377143
      ],
      "cv_mse": 0.9626519282658895,
      "learned_mse": 1.1478561957677205
    },
    "5": {
      "gap": 0.017315328121185303,
      "ci": [
        -0.11114642252780674,
        0.14577707877017734
      ],
      "cv_mse": 1.3685704270998638,
      "learned_mse": 1.385885755221049
    }
  }
}