{
  "K": 3,
  "groups": 8,
  "max_delay": 8,
  "seeds": 1,
  "fewshot_ns": [
    20
  ],
  "velocity_r2": {
    "no-norm": [
      0.2896211010714372,
      -0.43675050371561813,
      1.0159927058584926
    ],
    "zero-shot": [
      0.6041425168514252,
      0.13878298048514848,
      1.0695020532177018
    ],
    "unsup": [
      0.26464324692885083,
      -0.6665744718210251,
      1.195860965678727
    ],
    "few-20": [
      0.32830868164698285,
      0.18506620450915878,
      0.4715511587848069
    ],
    "free-delay-20": [
      0.396394024292628,
      -0.05349944979442006,
      0.846287498379676
    ],
    "full-retrain": [
      0.4863605300585429,
      0.24912088826157314,
      0.7236001718555127
    ]
  },
  "zero_shot_gain_over_no_norm": 0.314521415779988,
  "structure_vs_free_delay": -0.06808534264564514
}