{
  "subjects": 5,
  "groups": 8,
  "max_delay_bins": 8,
  "epochs": 60,
  "seeds": 3,
  "transfer_r2_mean_ci": {
    "gru-none": [
      0.6796608010927836,
      0.6301990253346891,
      0.7291225768508781
    ],
    "gru-cv": [
      0.714754319190979,
      0.6755912293114763,
      0.7539174090704817
    ],
    "b2ss-none": [
      0.48325138092041015,
      0.40126837855909114,
      0.5652343832817291
    ],
    "b2ss-cv": [
      0.5590364913145701,
      0.5008013378473523,
      0.617271644781788
    ]
  },
  "cv_gain_gru": 0.035093518098195386,
  "cv_gain_b2ss": 0.07578511039415997
}