{
  "K": 4,
  "groups": 8,
  "max_delay": 8,
  "seeds": 3,
  "fewshot_ns": [
    5,
    20,
    100
  ],
  "velocity_r2": {
    "no-norm": [
      0.39920688172181445,
      0.27357058422774994,
      0.524843179215879
    ],
    "zero-shot": [
      0.6492381120721499,
      0.5472880507695447,
      0.7511881733747551
    ],
    "unsup": [
      0.30230259119222563,
      0.144548545149858,
      0.4600566372345933
    ],
    "few-5": [
      0.48206588501731557,
      0.36405111564992354,
      0.6000806543847076
    ],
    "few-20": [
      0.5476414227547745,
      0.3868157770531788,
      0.7084670684563701
    ],
    "few-100": [
      0.6209854980309805,
      0.5217112316206296,
      0.7202597644413313
    ],
    "free-delay-100": [
      0.5448144177595774,
      0.42951267667636833,
      0.6601161588427864
    ],
    "full-retrain": [
      0.4029424289862315,
      0.3202779491025046,
      0.4856069088699584
    ]
  },
  "zero_shot_gain_over_no_norm": 0.2500312303503354,
  "structure_vs_free_delay": 0.07617108027140307
}