{
  "K": 4,
  "groups": 8,
  "max_delay": 8,
  "seeds": 3,
  "fewshot_ns": [
    5,
    20,
    100
  ],
  "velocity_r2": {
    "no-norm": [
      0.40610230217377347,
      0.27625623155318174,
      0.5359483727943652
    ],
    "zero-shot": [
      0.6551532497008642,
      0.5554953275689333,
      0.7548111718327951
    ],
    "unsup": [
      0.31065360518793267,
      0.1547171845309299,
      0.4665900258449355
    ],
    "few-5": [
      0.38793431719144184,
      0.25213470793844156,
      0.523733926444442
    ],
    "few-20": [
      0.588933019588391,
      0.45620575070930347,
      0.7216602884674784
    ],
    "few-100": [
      0.6369773000478745,
      0.5460558297515896,
      0.7278987703441593
    ],
    "free-delay-100": [
      0.5529439821839333,
      0.4371219362860748,
      0.6687660280817918
    ],
    "full-retrain": [
      0.43910951043168706,
      0.3712368648370487,
      0.5069821560263253
    ]
  },
  "zero_shot_gain_over_no_norm": 0.24905094752709073,
  "structure_vs_free_delay": 0.08403331786394119
}