{
  "electrodes": 67,
  "sessions": [
    "small",
    "medium",
    "large"
  ],
  "seeds": 3,
  "fewshot_ns": [
    20,
    100
  ],
  "velocity_r2": {
    "no-norm": [
      0.16451910241610473,
      0.09716390631403937,
      0.2318742985181701
    ],
    "unsup": [
      -0.07130216331117684,
      -0.16544182808897528,
      0.022837501466621626
    ],
    "few-20": [
      0.08984741547869311,
      0.04430747565773413,
      0.1353873552996521
    ],
    "few-100": [
      0.14938975787825054,
      0.08662118883937053,
      0.21215832691713055
    ],
    "full-retrain": [
      0.7590213020642599,
      0.6881699218103225,
      0.8298726823181972
    ]
  },
  "best_delta_fit_gain": -0.015129344537854195
}